"","Species","means","medians","mins","sd"
"1","setosa",5.006,5,4.3,0.352489687213451
"2","versicolor",5.936,5.9,4.9,0.516171147063863
"3","virginica",6.588,6.5,4.9,0.635879593274432
